endpoint,model,metric,value,n_rows
P5,B0,drop_meta_shuffled,0.0,6894
P5,B0,drop_mean_image,0.47732833173513356,6894
P5,B3,drop_meta_shuffled,0.32170771166197243,6894
P5,B3,drop_mean_image,0.1863310763620906,6894
P5,B4,drop_meta_shuffled,0.3674044795918283,6894
P5,B4,drop_mean_image,0.2658705038364721,6894
P5,B5,drop_meta_shuffled,0.4655043778732282,6894
P5,B5,drop_mean_image,0.17970249502222954,6894
P5,M1,drop_meta_shuffled,0.3381252970906126,6894
P5,M1,drop_mean_image,0.22691090648910092,6894
P4,B0,map_shift_irrelevant,2.787635705869083e-17,13788
P4,B0,map_shift_relevant,2.787635705869083e-17,34470
P4,B3,map_shift_irrelevant,0.01725863782009143,13788
P4,B3,map_shift_relevant,0.06925675300423162,34470
P4,B4,map_shift_irrelevant,0.027761483600627523,13788
P4,B4,map_shift_relevant,0.09802519226119667,34470
P4,B5,map_shift_irrelevant,0.045591944610092174,13788
P4,B5,map_shift_relevant,0.10303618395846116,34470
P4,M1,map_shift_irrelevant,0.1027053721465272,13788
P4,M1,map_shift_relevant,0.2004376467239272,34470
