endpoint,model,metric,value,n_rows,n_missing
P1,B0,energy_in_mask,0.45846875087226474,30045,0.0
P1,B0,mask_area_fraction,0.2666903224563664,30045,0.0
P1,B0,pointing_game,0.7100016641704111,30045,0.0
P1,B0,iou_otsu,0.280697879375422,30045,0.0
P1,B0,maps_without_attribution,0.0,30045,0.0
P1,B3,energy_in_mask,0.5073063793425597,30045,20.0
P1,B3,mask_area_fraction,0.2666903224563664,30045,0.0
P1,B3,pointing_game,0.7328673656182393,30045,0.0
P1,B3,iou_otsu,0.30016693745162293,30045,0.0
P1,B3,maps_without_attribution,0.0006656681644200366,30045,20.0
P1,B4,energy_in_mask,0.3716139129213997,30045,15.0
P1,B4,mask_area_fraction,0.2666903224563664,30045,0.0
P1,B4,pointing_game,0.5582293226826427,30045,0.0
P1,B4,iou_otsu,0.19777629834939156,30045,0.0
P1,B4,maps_without_attribution,0.0004992511233150275,30045,15.0
P1,B5,energy_in_mask,0.2985959564105915,30045,792.0
P1,B5,mask_area_fraction,0.2666903224563664,30045,0.0
P1,B5,pointing_game,0.44929272757530375,30045,0.0
P1,B5,iou_otsu,0.2063778513036081,30045,0.0
P1,B5,maps_without_attribution,0.02636045931103345,30045,792.0
P1,M1,energy_in_mask,0.44141029534726156,30045,702.0
P1,M1,mask_area_fraction,0.2666903224563664,30045,0.0
P1,M1,pointing_game,0.563887502080213,30045,0.0
P1,M1,iou_otsu,0.23533221161128584,30045,0.0
P1,M1,maps_without_attribution,0.023364952571143287,30045,702.0
P5,B0,drop_meta_shuffled,0.0,30045,
P5,B0,drop_mean_image,0.58706753698634,30045,
P5,B3,drop_meta_shuffled,0.03824594362128094,30045,
P5,B3,drop_mean_image,0.5490646673007747,30045,
P5,B4,drop_meta_shuffled,0.07537966847380258,30045,
P5,B4,drop_mean_image,0.49655982752964384,30045,
P5,B5,drop_meta_shuffled,0.14202057203483365,30045,
P5,B5,drop_mean_image,0.549138717551012,30045,
P5,M1,drop_meta_shuffled,0.03437921467492688,30045,
P5,M1,drop_mean_image,0.526920512767955,30045,
P4,B0,map_shift_relevant,2.7507073374304093e-17,30045,
P4,B3,map_shift_relevant,0.022224727724084067,30045,
P4,B4,map_shift_relevant,0.09879157455652099,30045,
P4,B5,map_shift_relevant,0.2546917122173915,30045,
P4,M1,map_shift_relevant,0.14561417666560125,30045,
