endpoint,dataset,comparison,estimate,ci_lo,ci_hi,p,reject_holm
P1,B,B3 - B0,0.0488376284702949,0.0456827854015697,0.0520247277445082,0.0,True
P1,B,B4 - B0,-0.086854837950865,-0.0904095351253168,-0.083381794182692,0.0,True
P1,B,B5 - B0,-0.1598727944616732,-0.1637966449433329,-0.155959063415437,0.0,True
P1,B,M1 - B0,-0.0170584555250031,-0.0212150838539711,-0.0128099056699045,0.0,True
P2,C,B3 - B0,-0.0127734411120562,-0.0681871265313337,0.0426402443072213,0.4258161584580033,False
P2,C,B4 - B0,-0.0093884476307857,-0.0748076043365374,0.0560307090749659,0.5998531443090196,False
P2,C,B5 - B0,-4.9599376923170624e-05,-0.0769331008998019,0.0768339021459556,0.9980372565918608,False
P2,C,M1 - B0,-0.0012151660709291,-0.0743561934633676,0.0719258613215094,0.9495173933782955,False
P3,C,B3 - B0,0.0897429810148544,-0.0207840306011422,0.2002699926308511,0.0730673117645779,False
P3,C,B4 - B0,0.0498318478841098,-0.1809586846074265,0.2806223803756461,0.4509541346127936,False
P3,C,B5 - B0,0.0265281579534562,-0.2697029772010346,0.3227592931079471,0.737125474944914,False
P3,C,M1 - B0,0.0539554654103746,-0.0878933259588884,0.1958042567796376,0.2433542008277041,False
P4,A,M1 - B3,0.0854467343264357,0.0812859353938636,0.0898670842255318,0.0,True
P4,A,M1 - B4,0.0749438885458996,0.070898380763249,0.0792726217910995,0.0,True
P4,A,M1 - B5,0.057113427536435,0.0521646270690701,0.0622693347324596,0.0,True
P5,A,B3 - B0,0.3217077116619724,0.2918409933077898,0.3509286321425851,0.0,True
P5,A,B4 - B0,0.3674044795918283,0.3378178525201524,0.3961411418502882,0.0,True
P5,A,B5 - B0,0.4655043778732282,0.4377650166255589,0.4934743998789217,0.0,True
P5,A,M1 - B0,0.3381252970906126,0.3101682922007903,0.365959659077389,0.0,True
