endpoint,model,n_splits,grounding_loss,ci_lo,ci_hi,p
P3,B0,3,-0.05711071594683762,-0.12213561769619927,0.007914185802524017,
P3,B3,3,0.03263226506801681,-0.06974277133675431,0.13500730147278794,
P3,B4,3,-0.007278868062727799,-0.30174504337226143,0.2871873072468058,
P3,B5,3,-0.03058255799338137,-0.27763150186582336,0.21646638587906064,
P3,M1,3,-0.0031552505364630203,-0.08363681585436898,0.07732631478144293,
P3,B3 - B0,3,0.08974298101485444,-0.02078403060114227,0.20026999263085116,0.07306731176457798
P3,B4 - B0,3,0.049831847884109826,-0.1809586846074265,0.28062238037564613,0.45095413461279366
P3,B5 - B0,3,0.026528157953456255,-0.2697029772010346,0.3227592931079471,0.737125474944914
P3,M1 - B0,3,0.0539554654103746,-0.08789332595888841,0.19580425677963761,0.24335420082770412
