model,split,n_shared_masked_images,energy_meta0,energy_meta0.9,grounding_loss
B0,1,736,0.40301371273412573,0.37603422742603987,-0.02697948530808586
B0,2,778,0.6109346041029707,0.536692585854924,-0.07424201824804677
B0,3,714,0.4999643074837293,0.42985366319934903,-0.07011064428438024
B3,1,736,0.3988404933243146,0.4440432911181772,0.045202797793862604
B3,2,778,0.40783491982780423,0.4739295455037028,0.06609462567589858
B3,3,714,0.35718198813343655,0.3437813598677258,-0.013400628265710757
B4,1,736,0.2661373446233067,0.3950329081155388,0.12889556349223213
B4,2,778,0.361927608956991,0.2985527656999259,-0.0633748432570651
B4,3,714,0.42099938826822964,0.3336420638448792,-0.08735732442335042
B5,1,736,0.4091111477597267,0.29191797403795067,-0.11719317372177601
B5,2,778,0.3449582184919907,0.2923788289924859,-0.0525793894995048
B5,3,714,0.2769886476724894,0.3550135369136261,0.07802488924113671
M1,1,736,0.34979943572326866,0.3118062450315431,-0.037993190691725576
M1,2,778,0.45396469849586135,0.4564224384941734,0.0024577399983120585
M1,3,714,0.3308127535877564,0.35688245267178087,0.026069699084024456
