model,split,norm_area,drop,bias_0,bias_0.3,bias_0.5,bias_0.7,bias_0.9,bias_1
B0,1,0.7405067395720254,0.4362193804019496,0.8950378228214362,0.8804093617085742,0.8106776685393259,0.6476555890574798,0.4769410138755397,0.4588184424194866
B0,2,0.7633726217734588,0.5227845535322613,0.9109512973120162,0.8533701088231842,0.8096132270922047,0.7161193636545942,0.5922169642167519,0.3881667437797549
B0,3,0.7722268157480546,0.4162412580572856,0.8857315916468899,0.8737419880139743,0.7951587114007941,0.7409241264805475,0.6016033049451945,0.46949033358960424
B3,1,0.7531480159370652,0.3944797983353394,0.9029934089020224,0.8708774092632361,0.8086701193820225,0.694881661123415,0.4922907710435409,0.508513610566683
B3,2,0.7342625233215224,0.452189035914742,0.9094803944450929,0.8472964698462983,0.7626067250204309,0.7158173166960289,0.44977980282249613,0.45729135853035086
B3,3,0.7503753144987826,0.36530216581392494,0.8967037796950528,0.8677428211658446,0.7867861318071574,0.6228274149406072,0.6029416813963613,0.5314016138811278
B4,1,0.759586536234729,0.43954472339271455,0.9088548881090898,0.8993871031272607,0.7882803721910112,0.6353904578637003,0.6014123532652627,0.4693101647163752
B4,2,0.7490068653282358,0.45662271306128205,0.9015273077371921,0.853877925906371,0.8320174165197068,0.6981552347348202,0.4801901847090887,0.4449045946759101
B4,3,0.7393474326382168,0.3637913343635668,0.8918898673693736,0.8636158791172377,0.73795884020361,0.6875713752751775,0.5209934200496895,0.5280985330058068
B5,1,0.766401619811916,0.3740728506721521,0.9030121664050236,0.887537732025921,0.8065392380617977,0.7241159703725096,0.5099156958078471,0.5289393157328715
B5,2,0.7716357893447996,0.438745571112885,0.9014130392500097,0.8605757949078962,0.8118799016445152,0.741218264352824,0.5835125208266669,0.4626674681371247
B5,3,0.7379199698060537,0.4639981792701597,0.9038120391462746,0.8618231824507919,0.7807239130676168,0.6714904011824445,0.4963920831839764,0.43981385987611493
M1,1,0.7723730067289254,0.4324705133944841,0.9033498014590452,0.8805480754299652,0.8124504037921348,0.6976814087341138,0.607754604960663,0.4708792880645611
M1,2,0.7524077348260008,0.48317928143282485,0.9003661454078655,0.8563134313035317,0.8094053328458573,0.708967604324285,0.5249368303743834,0.4171868639750407
M1,3,0.7476799373258253,0.5199113339051482,0.9137439578058402,0.8479123865067268,0.7846827754786088,0.72153319074891,0.5180361505848615,0.39383262390069196
